,no,now,name,sub,filename,ext,w,h,tn_w,tn_h,tim,time,md5,fsize,resto,bumplimit,imagelimit,semantic_url,tag,replies,images,last_modified,last_replies,com,omitted_posts,omitted_images
0,3490436,12/11/22(Sun)07:13:31,Anonymous,SAITAMA SUNDAY,sai_supremum,.swf,550,400,0,0,1670760811719286,1670760811,sBKfIEJL1BmvgJYItq23bA==,436116,0,0,0,1saitama-sunday,Japanese,0,0,1670760811,,,,
1,3490435,12/11/22(Sun)07:03:01,Anonymous,,24 hour candy machine,.swf,720,540,0,0,1670760181672130,1670760181,7Fp1EZt41sETdDtkHv4avw==,2617697,0,0,0,2,Anime,0,0,1670760181,,,,
2,3490434,12/11/22(Sun)06:21:49,Anonymous,,The Origins of 0x40 Megumi Hues,.swf,1280,720,0,0,1670757709240224,1670757709,BOdcRo23n/sS9LRffDqIXQ==,8550341,0,0,0,0,Hentai,0,0,1670757709,,,,
3,3490418,12/10/22(Sat)19:50:44,John Moses Browning,Feeling down? Watch this,hatsune miku - head exercises,.swf,240,180,0,0,1670719844809610,1670719844,tvwlDhw+pW0RZLskgpaG5g==,8032743,0,0,0,1feeling-down-watch-this,Japanese,4,0,1670756151,"[{'no': 3490419, 'now': '12/10/22(Sat)20:05:58', 'name': 'Anonymous', 'com': 'MIKU MIKU MIKU MIKU MIKU MIKU MIKU MIKU MIKU MIKU MIKU MIKU MIKU MIKU MIKU MIKU MIKU MIKU MIKU MIKU MIKU MIKU MIKU MIKU MIKU MIKU MIKU MIKU MIKU MIKU MIKU MIKU MIKU MIKU MIKU', 'time': 1670720758, 'resto': 3490418}, {'no': 3490420, 'now': '12/10/22(Sat)21:14:31', 'name': 'John Moses Browning', 'com': 'MIKU MIKU MIKU MIKU MIKU MIKU MIKU MIKU MIKU MIKU MIKU MIKU MIKU MIKU MIKU MIKU MIKU MIKU MIKU MIKU MIKU MIKU MIKU MIKU MIKU MIKU MIKU MIKU MIKU MIKU MIKU MIKU MIKU MIKU MIKU', 'time': 1670724871, 'resto': 3490418}, {'no': 3490422, 'now': '12/10/22(Sat)21:34:38', 'name': 'Anonymous', 'com': '<a href=""#p3490418"" class=""quotelink"">&gt;&gt;3490418</a><br>MIKU MIKU MIKU MIKU MIKU MIKU MIKU MIKU MIKU MIKU MIKU MIKU MIKU MIKU MIKU MIKU MIKU MIKU MIKU MIKU MIKU MIKU MIKU MIKU MIKU MIKU MIKU MIKU MIKU MIKU MIKU MIKU MIKU MIKU MIKU', 'time': 1670726078, 'resto': 3490418}, {'no': 3490433, 'now': '12/11/22(Sun)05:55:51', 'name': 'Anonymous', 'com': 'MIKU MIKU MIKU MIKU MIKU MIKU MIKU MIKU MIKU MIKU MIKU MIKU MIKU MIKU MIKU MIKU MIKU MIKU MIKU MIKU MIKU MIKU MIKU MIKU MIKU MIKU MIKU MIKU MIKU MIKU MIKU MIKU MIKU MIKU MIKU', 'time': 1670756151, 'resto': 3490418}]",,,
4,3490432,12/11/22(Sun)04:59:02,Anonymous,,Madotsuki drugged out,.swf,795,630,0,0,1670752742726891,1670752742,eyV3d1kGItd6SyXHTeo/Aw==,7337595,0,0,0,5,Loop,0,0,1670752742,,,,
5,3490431,12/11/22(Sun)04:26:22,Anonymous,,Christmas Time in Essex,.swf,400,300,0,0,1670750782779189,1670750782,su6WcNv206mq+heqGUVYYw==,5182728,0,0,0,4,Other,0,0,1670750782,,,,
6,3490430,12/11/22(Sun)03:03:12,Anonymous,,KxS - Christmas Fun,.swf,320,240,0,0,1670745792667407,1670745792,SokrNdyv/8x1KVPggAru2w==,4435745,0,0,0,0,Hentai,0,0,1670745792,,,,
7,3490429,12/11/22(Sun)02:07:40,Anonymous,Kramer&#039;s Hentai Adventure 4,Kramer Hentai Adventure 4,.swf,640,320,0,0,1670742460573798,1670742460,u5nQfESnTJUcUpqn9LXT+g==,3715338,0,0,0,0kramers-hentai-adventure-4,Hentai,0,0,1670742460,,Merry Christmas.,,
8,3490428,12/11/22(Sun)00:12:30,Anonymous,,BANANA_SPIN,.swf,60,60,0,0,1670735550296121,1670735550,ZTy/CA7tG7zmbycpzuCzhA==,2288246,0,0,0,5,Loop,0,0,1670735550,,,,
9,3490427,12/10/22(Sat)23:32:40,Anonymous,,Last Christmas,.swf,480,272,0,0,1670733160157505,1670733160,CK1CVAuDHkGaFePvyG5knA==,10371557,0,0,0,4,Other,0,0,1670733160,,,,
10,3490426,12/10/22(Sat)23:08:53,Anonymous,,Casino Evangelion,.swf,263,198,0,0,1670731733134810,1670731733,Ui3R1njX7Q1rIb48Uk+tEQ==,10330447,0,0,0,4,Other,0,0,1670731733,,,,
11,3490424,12/10/22(Sat)22:21:19,Anonymous,I haven&#039;t been on this board for a couple of years.,SaturdayYuri,.swf,1280,720,0,0,1670728879205552,1670728879,PH55fFEsUiOkOEYwPDPDCg==,3910629,0,0,0,5i-havent-been-on-this-board-for-a-couple-of,Loop,1,0,1670729406,"[{'no': 3490425, 'now': '12/10/22(Sat)22:30:06', 'name': 'Anonymous', 'com': 'It hasn&#039;t changed much<br>Saturday yuri is always appreciated', 'time': 1670729406, 'resto': 3490424}]",,,
12,3490423,12/10/22(Sat)21:36:48,Anonymous,,Tunak Tunak,.swf,352,240,0,0,1670726208062991,1670726208,ScUTTaEWEsINrIgCI+5niA==,6682991,0,0,0,4,Other,0,0,1670726208,,,,
13,3490405,12/10/22(Sat)06:55:28,Anonymous,,"Sick Fedora, Bro",.swf,856,480,0,0,1670673328375132,1670673328,KWuNSkDEjuTL1tBRUruXSA==,9080769,0,0,0,4,Other,6,0,1670726032,"[{'no': 3490409, 'now': '12/10/22(Sat)14:24:12', 'name': 'Anonymous', 'com': '<a href=""#p3490407"" class=""quotelink"">&gt;&gt;3490407</a><br>hi newfriend. /f/ has been slowing down for years and now we get about ten posts per day.<br>people make new stuff every now and then but it is infrequent. see this guide <a href=""/f/thread/3490408#p3490408"" class=""quotelink"">&gt;&gt;3490408</a> for making quick OC.', 'time': 1670700252, 'resto': 3490405}, {'no': 3490411, 'now': '12/10/22(Sat)16:02:22', 'name': 'Anonymous', 'com': '<a href=""#p3490409"" class=""quotelink"">&gt;&gt;3490409</a><br>Thanks newfriend.<br>I will savor this flash file and try to apply it&#039;s precepts.<br>But I never worked with flash before, so I may just don&#039;t produce anything too.', 'time': 1670706142, 'resto': 3490405}, {'no': 3490412, 'now': '12/10/22(Sat)16:19:58', 'name': 'Anonymous', 'com': '<a href=""#p3490411"" class=""quotelink"">&gt;&gt;3490411</a><br><span class=""quote"">&gt;newfags calling newfigs newfriends</span><br>maybe you didn&#039;t mean to but it&#039;s funny nevertheless', 'time': 1670707198, 'resto': 3490405}, {'no': 3490416, 'now': '12/10/22(Sat)17:26:30', 'name': 'Anonymous', 'com': '<a href=""#p3490412"" class=""quotelink"">&gt;&gt;3490412</a><br>Well, I meant in in the sens &quot;newly acquired friend&quot; not &quot;new in 4chan&quot;.<br>As a cancer myself, I won&#039;t disrespect an oldfag.<br>Sorry for that Ã©tiquette faux-pas.', 'time': 1670711190, 'resto': 3490405}, {'no': 3490421, 'now': '12/10/22(Sat)21:33:52', 'name': 'Anonymous', 'com': '<a href=""#p3490416"" class=""quotelink"">&gt;&gt;3490416</a><br>you&#039;re polite &#039;n shit i&#039;ll give you that<br>enjoy your stay', 'time': 1670726032, 'resto': 3490405}]",,1.0,0.0
14,3490417,12/10/22(Sat)18:41:41,Anonymous,,frankly langley,.swf,545,777,0,0,1670715701239020,1670715701,rNJ1lHMImJF7L4BqBeutFA==,6392095,0,0,0,5,Loop,0,0,1670715701,,,,
15,3490415,12/10/22(Sat)17:05:21,Anonymous,,Buffalo Billy&#039;s Bath Salt Adventure,.swf,320,240,0,0,1670709921003657,1670709921,iHhlidm3u4iODZI0h76HnA==,7227795,0,0,0,4,Other,0,0,1670709921,,,,
16,3490414,12/10/22(Sat)16:38:27,Anonymous,Bomp,who put the bomp,.swf,512,384,0,0,1670708307135574,1670708307,36DgoMzOiwZNmHdqqWmL5g==,8121375,0,0,0,2bomp,Anime,0,0,1670708307,,,,
17,3490410,12/10/22(Sat)15:29:41,Anonymous,have another tutorial,OMFG!- A Flash Tutorial,.swf,400,300,0,0,1670704181041372,1670704181,i8aXSip4vsYLUblqdV8i0A==,1154548,0,0,0,4have-another-tutorial,Other,0,0,1670704181,,,,
18,3490408,12/10/22(Sat)14:23:16,Anonymous,,how 2 loop (a guide for slowpokes),.swf,640,480,0,0,1670700196975391,1670700196,I6H/DKrmHH7V8ZxqmoizqA==,8214439,0,0,0,4,Other,0,0,1670700196,,,,
19,3490406,12/10/22(Sat)09:34:49,Anonymous,,my_birdie_is_my_best_friend,.swf,450,445,0,0,1670682889375612,1670682889,CX3LC7EFRmCmns1dOOxemg==,621695,0,0,0,5,Loop,0,0,1670682889,,,,
20,3490403,12/10/22(Sat)03:50:49,Anonymous,,headpats,.swf,1280,544,0,0,1670662249953421,1670662249,VwVA5vkcc2EtoxpoIjZwpw==,10156796,0,0,0,2,Anime,0,0,1670662249,,,,
21,3490402,12/10/22(Sat)02:26:18,Anonymous,Boo Night Fever,Boo Night Fever,.swf,720,480,0,0,1670657178411010,1670657178,Cs/Ou4QwYOIfUHsy5WM+5Q==,4440957,0,0,0,5boo-night-fever,Loop,0,0,1670657178,,,,
22,3490401,12/10/22(Sat)00:29:02,Anonymous,,FRIDAYNIGHTYAKUZA,.swf,490,405,0,0,1670650142308919,1670650142,bV/tJu7rmY7UJ1vLNxlmCw==,1640206,0,0,0,4,Other,0,0,1670650142,,,,
23,3490400,12/10/22(Sat)00:20:44,Anonymous,,crazy_cat,.swf,826,620,0,0,1670649644750657,1670649644,kYbChNwqtpsZdsiqtnUrtw==,5323590,0,0,0,4,Other,0,0,1670649644,,,,
24,3490399,12/10/22(Sat)00:02:07,Anonymous,,ANGELA WHITE - Hot Threesome with Lena Paul and Johnny Sins,.swf,320,240,0,0,1670648527033071,1670648527,zrX8hIYGQ+yp+XSWuJyGuw==,6563146,0,0,0,4,Other,0,0,1670648527,,,,
25,3490398,12/09/22(Fri)23:51:13,Anonymous,,Let your love flow,.swf,480,360,0,0,1670647873336818,1670647873,Nbaa96UfCz5O2R+924CGYQ==,7359817,0,0,0,4,Other,0,0,1670647873,,,,
26,3490397,12/09/22(Fri)23:36:55,Anonymous,,Tekken_7_NEW_FOOTAGE,.swf,1920,1080,0,0,1670647015271318,1670647015,PxPGKDrVS5JItY5NGNuxEA==,8280980,0,0,0,4,Other,0,0,1670647015,,,,
27,3490396,12/09/22(Fri)23:25:24,Anonymous,,Do you take it in the ass,.swf,640,368,0,0,1670646324046864,1670646324,j9Ix0FP00gXSvR3jukR/Cw==,10155930,0,0,0,4,Other,0,0,1670646324,,,,
28,3490395,12/09/22(Fri)22:08:39,Anonymous,updated trolling terminology,how2f v1.5b,.swf,1200,800,0,0,1670641719433255,1670641719,E7wCvBpfA/PVbRJ4LQMOHg==,1146411,0,0,0,4updated-trolling-terminology,Other,0,0,1670641719,,,,
29,3490393,12/09/22(Fri)20:55:17,Anonymous,,bees_v042,.swf,550,400,0,0,1670637317781176,1670637317,ALpcl2apxFji9orgy0KP0A==,461718,0,0,0,5,Loop,0,0,1670637317,,,,
